fpr,tpr
1.0,1.0
1.0,1.0
0.96875,1.0
0.7,0.833333333333
0.833333333333,1.0
0.909090909091,0.75
0.7,0.766666666667
